-- phpMyAdmin SQL Dump
-- version 4.9.5deb2
-- https://www.phpmyadmin.net/
--
-- Host: localhost:3306
-- Generation Time: 08 มี.ค. 2021 เมื่อ 11:15 AM
-- เวอร์ชันของเซิร์ฟเวอร์: 8.0.23-0ubuntu0.20.04.1
-- PHP Version: 7.4.3

SET SQL_MODE = "NO_AUTO_VALUE_ON_ZERO";
SET AUTOCOMMIT = 0;
START TRANSACTION;
SET time_zone = "+00:00";


/*!40101 SET @OLD_CHARACTER_SET_CLIENT=@@CHARACTER_SET_CLIENT */;
/*!40101 SET @OLD_CHARACTER_SET_RESULTS=@@CHARACTER_SET_RESULTS */;
/*!40101 SET @OLD_COLLATION_CONNECTION=@@COLLATION_CONNECTION */;
/*!40101 SET NAMES utf8mb4 */;

--
-- Database: `ci_project`
--

-- --------------------------------------------------------

--
-- โครงสร้างตาราง `admin`
--

CREATE TABLE `admin` (
  `admin_id` int NOT NULL,
  `email` varchar(255) CHARACTER SET utf8 COLLATE utf8_unicode_ci NOT NULL,
  `name` varchar(255) CHARACTER SET utf8 COLLATE utf8_unicode_ci NOT NULL,
  `is_active` int NOT NULL,
  `password` varchar(255) CHARACTER SET utf8 COLLATE utf8_unicode_ci NOT NULL
) ENGINE=InnoDB DEFAULT CHARSET=utf8 COLLATE=utf8_unicode_ci;

--
-- dump ตาราง `admin`
--

INSERT INTO `admin` (`admin_id`, `email`, `name`, `is_active`, `password`) VALUES
(1, 'admin@gmail.com', 'admin', 1, '21232f297a57a5a743894a0e4a801fc3');

-- --------------------------------------------------------

--
-- โครงสร้างตาราง `category`
--

CREATE TABLE `category` (
  `category_id` int NOT NULL,
  `category_name` varchar(255) NOT NULL
) ENGINE=InnoDB DEFAULT CHARSET=utf8;

--
-- dump ตาราง `category`
--

INSERT INTO `category` (`category_id`, `category_name`) VALUES
(1, 'Action'),
(2, 'Adventure '),
(3, 'War'),
(4, 'Drama'),
(5, 'Sci-fi'),
(6, 'Family '),
(7, 'Thriller'),
(8, 'Documentaries '),
(9, 'Animation  '),
(10, 'Comedy  '),
(11, 'Romance'),
(12, 'Fantasy '),
(13, 'Musicals ');

-- --------------------------------------------------------

--
-- โครงสร้างตาราง `history`
--

CREATE TABLE `history` (
  `history_id` int NOT NULL,
  `user_id` int NOT NULL,
  `history_date` date NOT NULL,
  `history_quantity` int NOT NULL,
  `history_total_price` float NOT NULL
) ENGINE=InnoDB DEFAULT CHARSET=utf8mb4 COLLATE=utf8mb4_0900_ai_ci;

--
-- dump ตาราง `history`
--

INSERT INTO `history` (`history_id`, `user_id`, `history_date`, `history_quantity`, `history_total_price`) VALUES
(1, 1, '2021-03-01', 2, 320),
(2, 2, '2021-03-01', 1, 120);

-- --------------------------------------------------------

--
-- โครงสร้างตาราง `movie`
--

CREATE TABLE `movie` (
  `movie_id` int NOT NULL,
  `movie_name` varchar(255) NOT NULL,
  `movie_detail` varchar(2555) DEFAULT NULL,
  `movie_trailer` varchar(255) DEFAULT NULL,
  `movie_time` int DEFAULT NULL,
  `movie_imdb` float DEFAULT NULL,
  `release_year` int DEFAULT NULL,
  `category1` int NOT NULL DEFAULT '1',
  `poster` varchar(255) NOT NULL
) ENGINE=InnoDB DEFAULT CHARSET=utf8;

--
-- dump ตาราง `movie`
--

INSERT INTO `movie` (`movie_id`, `movie_name`, `movie_detail`, `movie_trailer`, `movie_time`, `movie_imdb`, `release_year`, `category1`, `poster`) VALUES
(1, 'Thor Ragnarok', 'Thor: Ragnarok เป็นภาพยนตร์ภาคที่ 3 ของ Thor เทพเจ้าสายฟ้า ในภาคนี้ธอร์ (รับบทโดย คริส เฮมส์เวิร์ธ) ถูกเนรเทศไปยังสุดขอบจักรวาล กลายเป็นนักโทษโดยปราศจากค้อนคู่ใจ เขาจะต้องหาทางกลับไปยังแอสการ์ดเพื่อหยุดยั้งมหาสงครามที่จะทำลายล้างดินแดนแห่งเทพ และจบสิ้นอารยธรรมแห่งแอสการ์ด ภายใต้เงื้อมมือของวายร้ายคนใหม่ที่ทรงพลังและโหดเหี้ยมที่สุด เฮล่า (รับบทโดย เคท แบลนเชตต์) แต่ก่อนอื่นเขาจะต้องเอาชีวิตรอดจากการต่อสู้แบบฉบับกลาดิเอเตอร์ให้ได้เสียก่อน ซึ่งคู่ต่อสู้ในคราวนี้เป็นถึงหนึ่งในทีมอเวนเจอร์ที่เขาคุ้นเคย...เดอะ ฮัลค์!  										', 'https://www.youtube.com/embed/ue80QwXMRHg', 130, 7.9, 2017, 1, 'uploads/ThorRagnarok.jpg'),
(2, 'Wonder Woman 1984', 'ครั้งนี้จะพา \"ไดอาน่า ปริ้นซ์\" ไปสู่ช่วงเวลาหลายปีหลังจากเหตุการณ์ที่เกิดขึ้นในหนังภาคแรกในตอนนี้เจ้าหญิงแห่งอเมซอนผู้ไม่ย่อท้อจะต้องไปเผชิญหน้ากับ \"ชีต้า\" ในช่วงระหว่างสงครามเย็นยุค 80', 'https://www.youtube.com/embed/XW2E2Fnh52w', 149, 5.4, 2020, 1, 'uploads/WW84.jpg'),
(3, 'Demon Slayer Kimetsu no Yaiba the Movie Mugen Train', 'Kimetsu No Yaiba : Mugen Ressha-Hen หรือ ดาบพิฆาตอสูร เดอะมูฟวี่ : ศึกรถไฟสู่นิรันดร์ เรื่องราวที่ต่อเนื่องทันทีจากฉบับอนิเมะซีรีส์ เมื่อก๊วนเพื่อนของทั้งทันจิโร่ และเนซึโกะ ได้รับภารกิจให้ไปสืบสวนหาสาเหตุการหายตัวไปของผู้คนบนขบวนรถไฟสู่นิรันดร์ พวกเขาจึงได้รู้ว่าบนขบวนรถไฟลำนี้มีอสูรทรงพลังซ่อนตัวอยู่ แต่คราวนี้พวกเขาก็ไม่จำเป็นต้องต่อสู้กันตามลำพัง เพราะเสาหลักแห่งไฟ เรนโงคุ ได้เข้าร่วมศึกด้วย นี่จึงกลายเป็นการต่อสู้เพื่อช่วยเหลือผู้คนบริสุทธิ์บนขบวนรถไฟแห่งฝันร้าย', 'https://www.youtube.com/embed/_ntCsO8N7jA', 117, 8.7, 2019, 9, 'uploads/Kimetsu_no_Yaiba_Mugen_Ressha_Hen_Poster.jpg'),
(4, 'Johnny English Strikes Again', 'พบกับการกลับมาของโรแวน แอตคินสัน ในบทสายลับอังกฤษผู้ยิ่งใหญ่ Johnny English Strikes Again พยัคฆ์ร้าย ศูนย์ ศูนย์ ก๊าก รีเทิร์น การผจญภัยครั้งใหม่เมื่อการจู่โจมทางไซเบอร์ทำให้สายลับอังกฤษที่กำลังทำหน้าที่ในปัจจุบันถูกเปิดเผยตัว จอห์นนี่ อิงลิช จึงกลายเป็นความหวังสุดท้าย ด้วยภารกิจการค้นหาแฮคเกอร์ตัวฉกาจ และต้องเอาชนะความท้าทายของเทคโนโลยีสมัยใหม่ เพิ่อทำภารกิจให้สำเร็จ', 'https://www.youtube.com/embed/OsRou8efnEQ', 89, 6.2, 2018, 10, 'uploads/Johnny.jpg'),
(5, 'Interstellar', 'ภาพยนตร์ไซ-ไฟ สุดยิ่งใหญ่โดยฝีมือของผู้กำกับคนดังอย่าง คริสโตเฟอร์ โนแลนผู้สร้าง The Dark Knight, Inception และภาพยนตร์ชื่อดังอีกมากมาย  เรื่องราวเริ่มต้นขึ้นเมื่อโลกกำลังเผชิญภาวะวิกฤติ พืชผลขาดแคลนอย่างหนัก ประชากรเริ่มประสบภาวะแร้นแค้น ต้องการความช่วยเหลือโดยเร็วที่สุด กลุ่มคนกลุ่มหนึ่งจึงตัดสินใจ สร้างปฎิบัติการสุดเหลือเชื่อ ด้วยทฤษฎีทางวิทยาศาสตร์ โดยการเดินทางผ่าน “โพรงหนอน”ที่สามารถเชื่อมมิติเวลานี้สู่อวกาศอันกว้างไกลเพื่อหา “บ้านแห่งใหม่” ให้มนุษยชาติในยามที่โลกถึงวาระสุดท้าย', 'https://www.youtube.com/embed/s6o8hQacWBs', 169, 8.6, 2014, 5, 'uploads/Interstellar_film_poster.jpg'),
(6, 'The Imitation Game', 'อลัน ทัวร์ริ่ง (เบเนดิกต์ คัมเบอร์แบทช์) นักคิด นักคณิตศาสตร์ และนักตรรกศาสตร์ไฟแรงจากมหาวิทยาลัยเคมบริดจ์ สร้างชื่อเสียงโด่งดังจากการสร้างทฤษฎีรองรับการประดิษฐ์เครื่องคอมพิวเตอร์ ทฤษฎีดังกล่าวได้ถูกนำมาใช้จริงในสงครามระหว่างอังกฤษและอเมริกาในยุคสงครามโลกครั้งที่ 2 เมื่อกองทัพเรือเยอรมันได้นำเครื่องอีนิกม่ามาใช้ในการส่งข้อความ ทัวร์ริ่งจึงต้องเข้าทำแบบทดสอบของกองทัพอังกฤษเพื่อที่จะเข้าไปประดิษฐ์เครื่องถอดรหัสโดยใช้ทฤษฎีของเขาเอง ', 'https://www.youtube.com/embed/F1VZM4aqisc', 114, 8, 2014, 8, 'uploads/imitation.jpg'),
(7, 'Captain Marvel', ' “Captain Marvel คือตัวละครในคอมมิกของเรา เธอมีเรื่องราวที่น่าสนใจ เพราะส่วนหนึ่งของเธออยู่บนโลก ในขณะที่อีกส่วนหนึ่งของเธอคือพลังระดับคอสมิก และตอนนี้เราได้สร้างภาพยนตร์มากมายที่มีเหตุการณ์เกิดขึ้นบนโลก รวมไปถึงการผจญภัยในอวกาศผ่าน Avengers, Guardians of the Galaxy และ Thor พวกเราคิดว่านี่เป็นช่วงเวลาที่เหมาะสมแล้วที่เราจะแนะนำกัปตันมาร์เวลมาสู่โลก เธอคือหนึ่งในตัวละครที่เป็นที่นิยมมากที่สุดคนหนึ่งในคอมมิกของเรา แถมยังเป็นหนึ่งในตัวละครที่ทรงพลังมากที่สุดในคอมมิกด้วย และจะเป็นตัวละครที่แข็งแกร่งมากที่สุดใน Marvel Cinematic Universe”', 'https://www.youtube.com/embed/8c3O1Zkm4m4', 124, 6.9, 2019, 1, 'uploads/captainmarvel.jpg'),
(8, 'Ready Player One', 'ภาพยนตร์เป็นเรื่องราวที่เกิดขึ้นเมื่อปี 2045 ช่วงที่โลกเต็มไปด้วยความวุ่นวายและการล่มสลาย แต่ผู้คนพบทางรอดชีวิตที่ดิ โอเอซิส ซึ่งเป็นจักรวาลเสมือนจริงอันกว้างใหญ่ที่เราสามารถไปที่ไหนก็ได้ ทำอะไรก็ได้ เป็นใครก็ได้ ดิ โอเอซิสสร้างขึ้นโดย เจมส์ ฮัลลิเดย์ (มาร์ค ไรแลนซ์) เมื่อฮัลลิเดย์เสียชีวิตลง เขาได้ทิ้งทรัพย์สมบัติมหาศาลและอำนาจในการควบคุมดิ โอเอซิสทั้งหมดให้กับคนแรกที่ได้กุญแจทั้ง 3 ดอก เพื่อเปิดประตูสู่ไข่อีสเตอร์ดิจิตอลที่เขาซ่อนไว้ในสถานที่ ความท้าทายของเขาทำให้เกิดเกมที่มีการแข่งขันขึ้นทั่วโลก  แต่เมื่อเวลาผ่านไป 5 ปีกระดานคะแนนกลับยังว่างเปล่า... จนถึงบัดนี้', 'https://www.youtube.com/embed/UW3W_Gu9oYs', 140, 7.5, 2018, 5, 'uploads/ready_player_one.jpg'),
(9, 'Now You See Me', '4 นักมายากลฝี มือดี, 3 การโจรกรรมที่เป็นไปไม่ได้, 1 พันล้านดอลล่าร์... เชื่อเถอะว่านี่ไม่ใช่ภาพลวงตา! ผลงานเรื่องล่าสุดของ หลุยส์ เลแตร์ริเย่ร์ผู้กำกับ The Transporter และ Clash of the titans ที่จับมือกับทีมสร้าง Star Trek และทีมนักแสดงแถวหน้า ไม่ว่าจะเป็ น เจสซี่ ไอเซนเบิร์ค (The Social Network), อิสล่า ฟิ ชเชอร์ (Confessions of a Shopaholic), มาร์ครัฟฟาโล่ (The Avengers), วู้ดดี้ ฮาเรลสัน (The Hunger Games), มอร์แกน ฟรีแมน (The Dark Knight Rises), และ ไมเคิล เคน (The Dark Knight Rises), มาร่วมกันสร้างหนังโจรกรรมที่สนุกและหักมุมยิ่งกว่าไตรภาพ Ocean’s  Now You See Me เป็นเรื่องราวของทีมนักมายากล ที่ไม่เพียงแต่ทำให้ผู้ชมทึ่งกับกลต่างๆ พวกเขายังสร้างชื่อจากการโจรกรรมไประหว่างที่ทำการแสดงทุกครั้ง ทำให้ทีมเจ้าหน้าที่เอฟบีไอต้องพยายามทำทุกอย่าง เพื่อที่จะจับตัวพวกเขาให้ได้แบบคาหนังคาเขา!!!', 'https://www.youtube.com/embed/U2s3P4_KiKA', 115, 7.3, 2013, 12, 'uploads/Now_You_See_Me_Poster.jpg'),
(10, 'Fury', 'ภาพยนตร์แอ็คชั่นเรื่องยิ่งใหญ่ส่งท้ายปี 2014 ทุ่มทุนสร้างกว่า 100 ล้านเหรียญสหรัฐ สร้างจากเหตุการณ์จริงในปีค.ศ. 1945 ในช่วงสงครามโลกครั้งที่สอง เรื่องราวของทหาร 5 คนในรถถังประจัญบานที่ชื่อ \"ฟิวรี่\" ที่ทำภารกิจสำคัญบุกตะลุยฝ่ากองทัพนาซี ซึ่งผลลัพธ์ก็กลายเป็นจุดเปลี่ยนสำคัญที่ทำให้กองทัพสหรัฐเป็นฝ่ายที่ได้รับชัยชนะในสงครามโลก', 'https://www.youtube.com/embed/yQhZAXU_GGQ', 134, 7.6, 2014, 3, 'uploads/Fury.jpg'),
(11, 'Jumanji', 'Jumanji: Welcome to the Jungle เวอร์ชั่น 2017 นี้จะเป็นการกลับกัน เพราะ จูแมนจี้ จะมาในรูปแบบวิดีโอเกม ให้เลือกตัวละครแล้วจะถูกดูดเข้าไปผจญภัยในโลกของเกมที่ถูกเซตฉากหลังเป็นป่าที่เต็มไปด้วยอันตราย จูแมนจี้ เกมดูดโลก บุกป่ามหัศจรรย์ มีกำหนดเข้าฉาย เข้าฉาย 28 ธันวาคมนี้  นำแสดงโดย  ดเวย์น จอห์นสัน,เควิน ฮาร์ท,คาเรน จิลเลียน,นิค โจนัส', 'https://www.youtube.com/embed/HB1U9nKbvK8', 119, 6.9, 2017, 1, 'uploads/jumanji.jpg'),
(12, 'TOM&JERRY', '											ถึงเวลาของคู่หูคู่กัดออกมาไล่ฟัดกันอีกครั้งกับตัวอย่างแรกภาพยนตร์ “Tom and Jerry - ทอม แอนด์ เจอร์รี่” หนึ่งในคู่กัดที่เป็นที่รักที่สุดในประวัติศาสตร์จะกลับมาอีกครั้ง! เมื่อ เจอร์รี่ ย้ายไปอยู่ที่โรงแรมที่หรูหราที่สุดในมหานครนิวยอร์ก ณ ช่วงเวลาที่กำลังจะมีพิธีการแต่งงานสำคัญ เป็นเหตุให้ผู้จัดงานจำเป็นต้องจ้าง ทอม มาเพื่อกำจัดเขาให้ออกไปให้พ้นตา เกิดเป็นสงครามระหว่างแมวกับหนูที่อาจทำลายอาชีพการงานของผู้จัดงานคนนั้น ไปจนถึงพิธีแต่งงาน และชื่อเสียงอันโด่งดังของโรงแรม แถมสถานการณ์ยิ่งเลวร้ายไปกันใหญ่เมื่อมีพนักงานอีกหนึ่งคนที่พยายามเข้ามาเติมเชื้อเพลิงให้กับความวุ่นวายระหว่างพวกเขา										', 'https://www.youtube.com/embed/_UvQ-bwa8wA', 101, 5.4, 2021, 9, 'uploads/TomAndJerry.jpg'),
(13, 'monster hunter', '											เบื้องหลังโลกของเรายังมีอีกโลกหนึ่งโลกของอสูรกายที่อันตรายและทรงพลังครองอาณาเขตของพวกมันด้วยความ\r\nดุดันพายุทะเลทรายที่คาดไม่ถึงได้พาร้อยโทอาร์เทมิส (มิลล่าโจโววิช)และทมีของเธอ (ทปิ “ที่.ไอ.” แฮร์ริส,เมแกนกดู๊,ดิ\r\nเอโก้โบนิต้า)ไปสู่โลกใหม่เหล่าทหารต้องตกตะลึงเมื่อได้พบว่าสภาพแวดล้อมที่โหดเหี้ยมนี้เป็นที่อยู่ของอสรุกายยักษ์ที่น่า\r\nสะพรึงกลัวและปืนก็ทำอะไรพวกมันไม่ได้ การต่อสู้อย่างสิ้นหวังเพื่อเอาชีวิตรอดทำให้พวกเขาได้พบกับฮันเตอร์ผู้ลึกลับ (โทนี่ จา) นักล่าผู้ซึ่งมีความสามารถอยู่ เหนือฝูงอสูรกายที่ทรงพลังอาร์เทมิสและฮันเตอร์ค่อย ๆ เกิดความไว้วางใจซึ่งกันและกันพร้อมลุยและสู้กับอันตรายที่ยิ่งใหญ่เป็นภัยคุกคามต่อโลกของพวกเขา										', 'https://www.youtube.com/embed/-Lbx8i9JHkI', 103, 5.3, 2020, 12, 'uploads/MH.jpg'),
(14, 'Jurassic World: Fallen Kingdom', 'Jurassic World: Fallen Kingdom จะเป็นเรื่องราวเกี่ยวกับ Claire Dearing นางเอกสาวส้นสูงของเราผู้เป็นคนก่อตั้งองค์กรใหม่ขึ้นมาที่ชื่อว่า “Dinosaur Protection Group” หรือแปลได้ว่า “กลุ่มผู้คุ้มครองพิทักษ์ไดโนเสาร์” ที่ซึ่งจะเป็นกลุ่มที่มีการปรากฏตัวของตัวละครหน้าใหม่ที่รับบทโดย Daniella Pineda และ Justice Smith\r\n\r\nภารกิจของพวกเขาต้องยากยิ่งขึ้นเมื่อพวกเขาต้องหาทางอพยพเหล่าไดโนเสาร์ออกจากเกาะ หลังจากการตื่นขึ้นของภูเขาไฟยักษ์ ที่จะคร่าชีวิตของสิ่งมีชีวิตทุกชนิดบนเกาะและทำให้เกาะแห่งนี้ลุกเป็นไฟ เธอจึงจำต้องกลับไปขอความช่วยเหลือจากคนรักเก่าของเธออย่าง Owen Grady พระเอกสุดเท่ผู้คุยกับไดโนเสาร์รู้เรื่องให้กลับมาช่วยเธออีกครั้งหนึ่ง', 'https://www.youtube.com/embed/hAf3IBKWubo', 128, 6.2, 2018, 1, 'uploads/jurassic_world.jpg'),
(15, 'The Fate of the Furious', 'หลังจัดการกับชายที่ฆ่าคนในครอบครัวของเขาได้สำเร็จ โดมินิก ทอเร็ตโตและเลตตี ออร์ติซเดินทางไปฮันนีมูนกันที่คิวบา ที่นั่นดอมพบกับไซเฟอร์ ผู้ก่อการร้ายสาวในโลกไซเบอร์ผู้ลึกลับ มาดักรอพบตัวและเสนองานให้เขาทำ หลังจากนั้นไม่นาน ดอมได้รับการติดต่อจากลุค ฮ็อบส์ เจ้าหน้าที่หน่วยปฏิบัติการรักษาความปลอดภัยทางการทูต (DSS) เพื่อให้รวมทีมทำงานขโมยอุปกรณ์ปล่อยคลื่นแม่เหล็กไฟฟ้า (EMP) จากฐานทัพในเบอร์ลิน ระหว่างที่หลบหนี ดอมเบียดรถของฮ็อบส์จนคว่ำและขโมยอุปกรณ์ EMP ไปให้ไซเฟอร์ ด้านฮ็อบส์ถูกจับกุมและส่งตัวไปคุมขังที่คุกลับแห่งเดียวกับที่เด็คการ์ด ชอว์ ชายผู้ฆ่าคนในครอบครัวของดอมถูกคุมขังอยู่ ต่อมาทั้งสองถูกนายโนบอดีและ \"นายโนบอดีน้อย\" ลูกน้องคนใหม่พาตัวออกมาเพื่อให้ทำภารกิจตามตัวและจับกุมไซเฟอร์ ร่วมกับลูกทีมคนอื่น ๆ', 'https://www.youtube.com/embed/JwMKRevYa_M', 136, 6.7, 2017, 1, '	\r\nuploads/The_Fate_of_the_Furious.jpg'),
(16, 'Spider-Man: Far from Home', 'Peter Parker ได้ออกไปทัศนศึกษาในช่วงวันหยุดฤดูร้อนในยุโรปพร้อมกับเพื่อนๆ และในช่วงที่เขาห่างจากบ้านอยู่ต่างประเทศนี้เองก็เกิดเหตุการณ์บางอย่างที่ทำให้เขาต้องไปจับมือรวมทีมกับ Mysterio เพื่อต่อสู้กับเหล่าวายร้าย The Elementals. ภายในตัวอย่างฉบับใหม่นี้ไม่เพียงแค่จะเป็นการสปอยล์เนื้อเรื่องส่วนสำคัญใน Avengers: Endgame แต่มันยังยืนยันข่าวลือก่อนหน้านี้ที่ว่า ตัวละคร Mysterio ของ Jake Gyllenhaal มาจากโลกมิติอื่น หรือมัลติเวิร์ส ที่ตื่นขึ้นเพราะพลังของมณี อีกด้วย', 'https://www.youtube.com/embed/Nt9L1jCKGnE', 129, 7.5, 2019, 1, 'uploads/SpiderMan_Far_from_Home.jpg'),
(17, 'How to Train Your Dragon 3', 'จุดเริ่มต้นจากมิตรภาพเหลือเชื่อระหว่างไวกิ้งหนุ่มกับมังกรไนท์ ฟิวรี ที่น่าสะพรึงกลัว ได้กลายเป็นไตรภาคอีพิคที่บอกเล่าเรื่องราวชีวิตของพวกเขา ในตำนานบทใหม่นี้ ในที่สุด ฮิคคัพและทูธเลสก็จะได้ค้นพบโชคชะตาที่แท้จริงของพวกเขาเสียที นั่นคือการเป็นหัวหน้าหมู่บ้านในฐานะผู้นำของเหล่าเบิร์ค เคียงข้างแอสทริด และการเป็นมังกรผู้นำฝูง ในขณะที่ทั้งคู่กำลังจะขึ้นครองอำนาจ ภัยคุกคามที่ร้ายกาจที่สุดเท่าที่พวกเขาเคยเผชิญ รวมถึงการปรากฏตัวของไนท์ ฟิวรีเพศเมีย จะทดสอบสายสัมพันธ์มิตรภาพระหว่างพวกเขาอย่างที่ไม่เคยปรากฏมาก่อน', 'https://www.youtube.com/embed/naW9U8MiUY0', 104, 7.5, 2019, 9, 'uploads/How_to_Train_Your_Dragon_3.jpg'),
(18, 'Sonic the Hedgehog', 'จากวิดีโอเกมสุดฮิตโดยเซก้า สู่ภาพยนตร์ไลฟ์แอ็คชั่น Sonic The Hedgehog โซนิค เดอะ เฮดจ์ฮอก คือผลงานของผู้สร้างแฟรนไชส์ Fast & Furious ที่ผนึกกำลังกับผู้สร้าง Deadpool ภาพยนตร์เป็นเรื่องราวของเจ้าเม่นสายฟ้าโซนิค (ให้เสียงพากย์โดยเบน ชวาร์ตซ์ ที่ต้องร่วมมือกับทอม (เจมส์ มาร์สเดน) เพื่อต่อสู้กับวายร้ายอย่าง ดร.โรบ็อทนิก (จิม แคร์รี่) เตรียมพบกับ Sonic The Hedgehog โซนิค เดอะ เฮดจ์ฮอก ความเกรียนแบบเร็ว..แรงทะลุนรก', 'https://www.youtube.com/embed/szby7ZHLnkA', 99, 6.5, 2020, 1, 'uploads/Sonic_the_Hedgehog.jpg'),
(19, 'Transformers 5', 'Transformers:  The Last Knight อัศวินรุ่นสุดท้าย แตกเรื่องจากแก่นเรื่องหลักของแฟรนไชส์ทรานฟอร์เมอร์ส และให้คำจำกัดความวีรบุรุษใหม่ มนุษย์และทรานส์ฟอร์เมอร์ส์อยู่ในสงคราม ออพติมัสจากไป การปกป้องอนาคตของพวกเราขึ้นอยู่กับความลับในอดีต ที่ซ่อนอยู่ในประวัติศาสตร์ทรานส์ฟอร์เมอร์สบนโลกใบนี้ การพิทักษ์โลกของเราตกอยู่ในกำมือของพันธมิตรอย่าง เคด เยเกอร์ (มาร์ค วอห์ลเบิร์ก) บัมเบิ้ลบี และขุนนางอังกฤษ (เซอร์ แอนโธนี ฮ็อปกินส์) และ ศาสตราจารย์จากอ็อกซ์ฟอร์ด (ลอร่า แฮดด็อก) ', 'https://www.youtube.com/embed/sgnO5fO46pE', 154, 5.2, 2017, 1, 'uploads/Transformers_5.jpg'),
(20, 'Coco', 'แม้ว่าจะเติบโตขึ้นมาในครอบครัวที่เป็นวงดนตรี แต่ มิเกล ฝันอยากที่จะเป็นนักดนตรีที่ประสบความสำเร็จเหมือนกับไอดอลของเขา Ernesto de la Cruz เพื่อเป็นการพิสูจน์พรสวรรค์ของตัวเอง มิเกลได้พบว่าตัวเขากำลังตื่นตะลึงในแสงสีอันงดงามของดินแดนแห่งความตาย ในเทศกาลอันแสนลึกลับ ระหว่างทางนั้นเขาได้พบกับ เฮ็คเตอร์ ทั้งคู่ได้ออกผจญภัยอันสุดมหัศจรรย์ร่วมกันเพื่อปลดล็อคเรื่องราวที่แท้จริงที่ถูกซ่อนเอาไว้ในประวัติศาสตร์ครอบครัวของมิเกล', 'https://www.youtube.com/embed/Ga6RYejo6Hk', 105, 8.4, 2017, 9, 'uploads/Coco_2017.jpg'),
(21, 'Fantastic Beasts and Where to Find Them', 'ที่ยุโรป เกิดเหตุสังหารมือปราบมารจำนวนมาก สื่อของชุมชนผู้วิเศษได้รายงานถึงเหตุการณ์ดังกล่าวและเหตุโจมตีอื่น ๆ โดยเป็นฝีมือของเกลเลิร์ต กรินเดลวัลด์ พ่อมดฝ่ายมืด\r\n\r\nในปี ค.ศ. 1926 นิวท์ สคามันเดอร์ นักสัตว์วิเศษวิทยาชาวอังกฤษเดินทางมาที่สหรัฐอเมริกา เพื่อไปยังรัฐแอริโซนา เขาพบกับแมรี ลู แบร์โบน มักเกิ้ลผู้เป็นหัวหน้ากลุ่มการกุศลเซเลมที่สองที่เชื่อว่าผู้วิเศษมีอยู่จริงและเป็นอันตราย ระหว่างนั้น นิฟเฟลอร์ สัตว์วิเศษในกระเป๋าของนิวท์ได้หลุดออกมา ทำให้เขาต้องตามจับแต่พลาดสลับกระเป๋ากับเจคอบ โควัลสกี มักเกิ้ลผู้มีความใฝ่ฝันอยากเปิดร้านขายขนมปัง นิวท์ถูกทินา โกลด์สตีน อดีตมือปราบมารที่เห็นเหตุการณ์ทั้งหมดจับตัวและพาไปยังสภาเวทมนตร์แห่งสหรัฐอเมริกา (MACUSA) ขณะเดียวกัน เจคอบที่ถือกระเป๋าของนิวท์ไปถูกเมิร์ตแลป สัตว์วิเศษชนิดหนึ่งในกระเป๋าทำร้ายและทำให้สัตว์วิเศษตัวอื่น ๆ หลุดออกมา', 'https://www.youtube.com/embed/ViuDsy7yb8M', 132, 7.3, 2016, 12, 'uploads/Fantastic_Beasts_and_Where_to_Find_Them.jpg'),
(22, 'Avatar', '“เจค ซัลลี่” อดีตนายทหาร หนุ่มผู้พิการที่ต้องนั่งบนรถเข็น ได้ถูกเรียกมาปฏิบัติหน้าที่กับภารกิจพิเศษที่จะต้องเปลี่ยนร่างกายของเขา ให้กลายเป็นมนุษย์ต่างดาว โดยใช้ร่าง “อวตาร” ที่อาศัยอยู่ที่บนดาวแพนดอร่า มีภารกิจต้องแทรกซึมเข้าไปในกลุ่มชาวนาวี ชนเผ่าพื้นเมืองบนดาวที่เป็นอุปสรรคสำคัญของชาวโลก ในการเข้ามายึดเหมืองแร่ล้ำค่า “เจค ซัลลี่” ได้พบกับนางเอกชาวพื้นเมืองชื่อ “นาวิตี้” ได้ช่วยชีวิตเขาไว้ แผนการทุกอย่างก็เริ่มที่จะเปลี่ยนแปลง เมื่อ”เจค ซัลลี่”ได้สัมผัสชีวิตบนดาวแพนดอร่ามากขึ้น เขาก็ยิ่งรักในความงดงามของดาวดวงนี้มากขึ้นเท่านั้น', 'https://www.youtube.com/embed/5PSNL1qE6VY', 162, 7.2, 2009, 12, 'uploads/avatar.jpg'),
(23, 'Pirates of the Caribbean: At World\'s End', 'ลอร์ด คัทเลอร์ เบ็คเก็ตต์ แห่งบริษัทอินเดียตะวันออก ได้เข้าควบคุมฟลายอิ้งดัทช์แมน เรือโจรสลัดผีอันน่าสะพรึง และกัปตันปีศาจประจำเรือ เดวี่ โจนส์ ล่องทะเลเจ็ดคาบสมุทรเพื่อกำจัดเหล่าโจรสลัดอย่างไร้ความปราณี ภายใต้คำสั่งของผู้บังคับการเจมส์ นอร์ริงตัน\r\n\r\nวิลล์ เทิร์นเนอร์ , อลิซาเบ็ท สวอร์น และกัปตันบาบอสซา ได้เริ่มออกเดินทางสู่ภารกิจสุดอันตรายเพื่อรวบรวมลอร์ดทั้ง 9 แห่งกลุ่มคณะลูกขุน ซึ่งเป็นความหวังเดียวของพวกเขาเพื่อที่จะเอาชนะเบ็คเก็ตต์ เรือฟลายอิ้งดัทช์แมน และเหล่ากองทัพเรือของเขา แต่หนึ่งในสมาชิกของลอร์ดทั้ง 9 ได้หายตัวไป นั่นก็คือ กัปตันแจ็ค สแปร์โรว์ ที่ถูกจับขังไว้ในห้องจองจำของเดวี่ โจนส์\r\n\r\nสิ่งแรกที่เหล่าผู้กล้าทั้งหลายรวมทั้ง เทีย ดัลม่า , พินเทล และ ราเก็ตตี้ จะต้องทำ คือออกเดินทางไปสิงค์โปร์ที่แสนอันตราย และเผชิญหน้ากับกัปตันแห่งคาบสมุทรจีน กัปตันเซา เฟ็ง เพื่อที่จะได้เรือที่สามารถพาพวกเขาไปที่สุดขอบโลก เพื่อช่วยเหลือแจ็ค\r\n\r\nกัปตันแจ็คถูกช่วยออกมาได้ ถึงแม้การถูกจองจำจะทำให้เขาเสียสติมากไปกว่าเดิม แต่เขาก็ตกลงที่จะช่วย เขาล่องเรือแบล็คเพิร์ลออกจากดินแดนแห่งความตาย ถึงแม้ว่าจะรวบรวมลอร์ดทั้ง 9 แห่งกลุ่มคณะลูกขุนมาได้ ก็ยังไม่เพียงพอที่จะต่อกรกับกองกำลังของเบ็คเก็ตต์และเดวี่ โจนส์ได้ ถ้าไม่สามารถปลดปล่อย “คาลิปโซ่” เทพธิดาแห่งท้องทะเลผู้แปรปรวน เพื่อที่จะหว่านล้อมให้มาร่วมมือกัน กำจัดภัยแห่งโจรสลัดในครั้งนี้ได้ แต่เมื่อการทรยศหักหลังได้เผยโฉม เห็นได้ชัดว่า กัปตันแจ็ค, วิลล์, อลิซาเบ็ท, เซา เฟ็ง และบาบอสซา ต่างมีจุดประสงค์ต่างกัน และไม่สามารถไว้ใจใครได้อีกต่อไป ต่างคนต่างต้องเลือกฝ่ายที่จะเข้าร่วม เพื่อการต่อสู้ครั้งครั้งใหญ่ครั้งสุดท้าย ที่อาจจะทำลายอิสรภาพอันหอมหวลของโจรสลัดไปตลอดกาล', 'https://www.youtube.com/embed/HKSZtp_OGHY', 169, 6.9, 2007, 2, 'uploads/69888432_1167726100080732_1018677955263463424_n.jpg'),
(24, 'The Dark Knight Rises', 'บทสรุปสุดยิ่งใหญ่จากฝีมือการกำกับของ คริสโตเฟอร์ โนแลน กับ ไตรภาค Dark Knight เป็นช่วงเวลากว่า 8 ปี ตั้งแต่ Batman ออกไล่ล่าในช่วงกลางคืน เปลี่ยนจากการเป็นฮีโร่แห่งเมืองก็อตแธม สู่การกลายเป็นอาชญากรหลบหนี จากการตายของอัยการ ฮาร์วีย์ เดนท์ เขาได้ยอมละทิ้งทุกสิ่งทุกอย่าง รวมไปถึงสิ่งที่เขาและผู้บัญชาการกอร์ดอนหวังไว้ว่ามันจะเป็นสิ่งที่ดีต่อทุกคน ตลอดช่วงเวลาที่คำโกหกกำลังทำงาน อาชญากรรมในเมืองก็อตแธมก็ได้เพิ่มสูงขึ้น แต่ทุกอย่างกำลังจะเปลี่ยนแปลงไป จากภัยร้ายปริศนาที่กำลังคืบคลานเข้ามา เขาคนนั้นคือ Bane ผู้ก่อการร้ายสวมหน้ากากที่วางแผนการสุดร้ายกาจต่อเมืองก็อตแธม เพียงหวังให้บรูซ ออกมาเปิดเผยตัวเอง แต่ไม่ว่าเขาจะสวมชุดและผ้าคลุมใหม่อีกครั้งหรือไม่ แบทแมนอาจไม่ใช่คู่ต่อสู้ของ Bane เลยแม้แต่น้อย', 'https://www.youtube.com/embed/z5Humz3ONgk', 165, 7.6, 2012, 1, 'uploads/71jzMH-kHQL_AC_SY679_.jpg'),
(25, 'John Carter', 'จอห์น คาร์เตอร์ อดีตนายทหารยศร้อยเอกผู้เบื่อหน่ายสงคราม ที่ถูกส่งตัวไปยังดาวบาร์ซูม (ดาวอังคาร) อันลึกลับ โดยหาสาเหตุไม่ได้ และเข้าไปอยู่ท่ามกลางกระแสความขัดแย้งของครั้งใหญ่ของผู้ที่อาศัยอยู่บนดาวดวงนั้น รวมถึง “ทาร์ส ทาร์กาส” และ “เจ้าหญิง เดจาห์ ธอริส” ผู้เลอโฉม เขาจะทำอย่างไรเมื่อมหาสงครามแห่งดวงดาวกำลังจะอุบัติ ในโลกที่พร้อมจะล่มสลายได้เพียงพริบตา ความอยู่รอดของดาวดวงนี้และผู้คนทั้งหลายขึ้นอยู่กับเขาเพียงคนเดียว!', 'https://www.youtube.com/embed/nlvYKl1fjBI', 132, 6.1, 2012, 12, 'uploads/220px-John_carter_poster.jpg'),
(26, 'Avengers: Age of Ultron', 'เมื่อ โทนี่ สตาร์ค (โรเบิร์ต ดาวนี่ย์ จูเนียร์) ริเริ่มโปรแกรม \"เพื่อสันติภาพ\" ที่ถูกพักไว้ขึ้นใหม่อีกครั้ง เหตุการณ์ก็กลับผิดพลาดและเลวร้ายเกินคาดเดา งานนี้ ไอรอนแมน, ธอร์ (คริส เฮมสเวิร์ธ), ฮัลค์ (มาร์ค รัฟฟาโล่), และเหล่าซูเปอร์ฮีโร่ทีมอเวนเจอร์สต้องกลับมารวมตัวพิทักษ์โลกกันอีกครั้งแล้ว! ขณะที่ชะตาของโลกมนุษย์กำลังแขวนอยู่บนเส้นด้าย เหล่าอเวนเจอร์สจะต้องฝ่าด่านทดสอบสุดท้าทายและยากเกินบรรยาย เพราะศัตรูคราวนี้แข็งแกร่งเกินใคร! พวกเขาต้องต่อสู้กับ อัลตรอน (เจมส์ สเปเดอร์) หุ่นยนต์อัจฉริยะตัวร้ายที่หมายทำลายเผ่าพันธุ์มนุษย์ให้สิ้นซาก และเส้นทางการต่อสู้ในครั้งนี้ ทีมอเวนเจอร์สจะได้พบกับเหล่าคนปริศนาที่ไม่อาจคาดเดาฝ่ายได้ การต่อสู้อันยิ่งใหญ่ครั้งใหม่ที่รวมดาวซูเปอร์ฮีโร่สุดแข็งแกร่งกำลังจะเริ่มขึ้นแล้ว!', 'https://www.youtube.com/embed/tmeOjFno6Do', 141, 7.3, 2015, 1, 'uploads/50989059_2457998110880440_7965187369223585792_n.jpg'),
(27, 'Men in Black 3', 'สายลับเจ(วิลล์ สมิธ) เดินทางข้ามเวลาไปยังช่วงต้นขององค์กรลับ เอ็มไอบี ในยุค 1969 เพื่อยับยั้งเอเลี่ยนที่จะสังหารสายลับเค(ทอมมี่ ลี โจนส์) คู่หูของเขา และเปลี่ยนประวัติศาสตร์โลก งานนี้สายลับเจทำคนเดียวไม่ไหว คงต้องให้สายลับเคในวัย 29 ปี (จอช โบรลิน) ผนึกกำลังสู้', 'https://www.youtube.com/embed/IyaFEBI_L24', 106, 6.2, 2012, 5, 'uploads/69360018_440322360162234_1909444650511368192_n.jpg'),
(28, 'Battleship', '																					นปี 2005 นักวิทยาศาสตร์ค้นพบ ดาวดวงหนึ่งนอกระบบสุริยะ และให้ชื่อว่า \"ดาวเคราะห์ จี\" พวกเขาเชื่อว่าดาวเคราะห์ จี มีชั้นบรรยากาศ คล้ายโลก ในปี 2006 องค์การนาซา สร้างสถานีส่งสัญญาณบนหมู่เกาะฮาวาย และเริ่มโปรแกรมการติดต่อกับดาวเคราะห์นั้น ขณะเดียวกัน อเล็กซ์ ฮอปเปอร์ (รับบทโดย เทย์เลอร์ คิตช์) กำลังสร้างความประทับใจให้สาวสวยอย่าง แซม เชน (รับบทโดย บรูคลิน เดคเกอร์) แต่ความประมาทและไม่เอาไหนของ อเล็กซ์ ทำให้ สโตน ฮอปเปอร์ (รับบทโดย อเลกซานเดอร์ สกาส์กอร์ด) พี่ชายของอเล็กซ์ ซึ่งเป็นทหารเรืออยู่ในกองทัพเรือสหรัฐฯ หัวเสียเป็นอย่างมาก จึงได้บังคับให้อเล็กซ์สมัครเข้ามาเป็นทหารในกองทัพเรือเช่นเดียวกับตน ในปี 2012 อเล็กซ์ ได้พัฒนาความสัมพันธ์กับ แซม ไปเป็นคนรัก และได้รับการเลื่อนยศเป็น เรือเอก ประจำตำแหน่งนายทหารยุทธการประจำเรือพิฆาต ยูเอสเอส จอห์น พอล โจนส์ แต่บุคลิกที่ใจร้อนและแข็งกร้าวของเขา ทำให้มีความสุ่มเสี่ยงต่อการถูกปลดประจำการจากกองทัพเรือ ขณะที่ สโตน นั้น ได้เลื่อนขึ้นเป็น ผู้บังคับการเรือ ยูเอสเอส แซมป์สัน และเรือทั้ง 2 ลำต้องเข้าร่วม \"การซ้อมรบกองเรือนานาชาติประจำภาคพื้นแปซิฟิก ประจำปี 2012 (ริมแพ็ค 2012)\" ระหว่างการซ้อมรบนั้น ยานอวกาศ 5 ลำ ได้ตอบรับสัญญาณของนาซา และเดินทางมายังโลก แต่ขณะเดินทางมานั้น ยานสื่อสารได้พุ่งชนกับดาวเทียม และพุ่งตกลงไปที่ ฮ่องกง ยานอีก 4 ลำ (ซึ่งประกอบด้วย ยานแม่ และยานรบอีก 3 ลำ พุ่งลงจอดที่มหาสมุทรแปซิฟิก บริเวณหมู่เกาะฮาวาย ใกล้ๆ กับ DDG-53 ยูเอสเอส จอนห์ พอล โจนส์ DDG-102 ยูเอสเอสแซมป์สัน และเรือพิฆาต DDG-175 เมียวโค ของกองกำลังป้องกันตนเองทางทะเลญี่ปุ่น ลอยลำอยู่', 'https://www.youtube.com/embed/8NNQqHsIc-4', 131, 5.5, 2012, 5, 'uploads/156202232_2813738185506418_5375596128815650565_n.jpg'),
(29, 'WALL·E', '		หลังจากที่มนุษย์ปล่อยโลกให้ทิ้งร้างไปด้วยขยะเป็นเวลา 700 ปี วอลล์-อี (WALL-E) หุ่นยนต์กำจัดขยะ มาจากชื่อเต็มคือ Waste Allocation Load Lifter – Earth-Class ก็ยังคงทำหน้าที่เก็บขยะอยู่บนโลก โดยมีแมลงสาบเป็นเพื่อน จนวันหนึ่งฟ้าก็ส่งหุ่นยนต์สำรวจรุ่นล่าสุดที่ชื่อ อีฟ (EVE) มาจากชื่อเต็มคือ Extraterrestrial Vegetation Evaluator มายังโลกเพื่อค้นหาต้นไม้ วอลล์-อีได้เจอกับอีฟ และตกหลุมรัก หลังจากทั้งคู่ได้สานสัมพันธ์กัน วอลล์-อี ก็ได้มอบของขวัญแก่อีฟ คือต้นไม้ และนั่นเป็นจุดพลิกผันให้วอลล์-อี ต้องเดินทางจากโลกไป ติดตามอีฟมายังยานอวกาศแอกเซี่ยมที่ซึ่งมนุษย์ใช้เป็นยานลี้ภัย เพื่อหนีไปจากโลก																																								', 'https://www.youtube.com/embed/l3W-QJQjsu4', 98, 7.8, 2008, 9, 'uploads/220px-WALL-Eposter.jpg'),
(30, 'Up', '	สเซล นักสำรวจรุ่นเยาว์ผู้พยายามหาทางได้รับตราบำเพ็ญประโยชน์ สำหรับ \"ช่วยเหลือผู้สูงอายุ\" ติดมากับบ้านของคาร์ลโดยไม่ได้ตั้งใจ ก่อนที่คาร์ลจะขับไล่รัสเซลออกไป พายุเมฆคิวมูโลนิมบัสได้พัดพาพวกเขาไปยังอเมริกาใต้ บ้านของคาร์ลลงจอดที่ตาปุย (ภูเขาโต๊ะ) ตรงข้ามกับน้ำตกสรวงสวรรค์ คาร์ลและรัสเซลมัดตัวเองกับบ้านที่ยังลอยอยู่และเริ่มเดินทางข้ามภูเขา โดยหวังว่าจะไปถึงน้ำตกก่อนที่ลูกโป่งจะยุบ รัสเซลเผชิญหน้ากับนกตัวสูงและมีสีสัน เขาตั้งชื่อให้มันว่า \"เควิน\" นกตัวดังกล่าวพยายามรวบรวมอาหารให้ลูกของเธอ พวกเขาพบกับสุนัขพันธุ์โกลเดินริทรีฟเวอร์ ชื่อว่า ดัก เขาสวมปลอกคอพิเศษที่ช่วยให้เขาพูดได้และสาบานว่าจะนำนกไปให้เจ้านายของเขา วันต่อมา พวกเขาเผชิญหน้ากับฝูงสุนัขที่ก้าวร้าว (และสวมปลอกคอพิเศษ) นำโดย อัลฟา สุนัขพันธุ์โดเบอร์แมนพินเชอร์ โดยพาทั้งสองคนไปพบกับเจ้านายของพวกสุนัข ก็คือ มันซ์ วัยแก่																				', 'https://www.youtube.com/embed/ORFWdXl_zJ4', 64, 7.7, 2009, 9, 'uploads/59618434_773838283017347_5845615893341536256_n.jpg'),
(31, 'Inception', '		ดอม คอบบ์ (ลีโอนาร์โด ดีคาปริโอ) คือชายผู้ก่อตั้งทีมจารกรรมความคิด เขาและทีมงานจะเจาะเข้าไปในจิตใจของเป้าหมายผ่านทางการแชร์ความฝัน เพื่อดึงเอาข้อมูลลับที่เป้าหมายเก็บงำไว้ในจิตใต้สำนึกออกมาตามคำสั่งของผู้ว่าจ้าง ซึ่งโดยมากแล้วจะเป็นการล้วงความลับทางธุรกิจ เป้าหมายรายล่าสุดของคอบบ์และทีมงานคือ ไซโตะ (เคน วะตะนะเบะ) นักธุรกิจชาวญี่ปุ่น คอบบ์ทำการล้วงข้อมูลของไซโตะผ่านทางความฝันซ้อนฝัน ซึ่งจบลงด้วยความล้มเหลว แต่ไซโตะกลับยื่นข้อเสนอว่าจ้างทีมของคอบบ์ให้ทำการ \"อินเซพชั่น\" ข้อมูลลงในจิตของเป้าหมายแทน อินเซพชั่นคือกระบวนการที่ตรงข้ามกับการล้วงข้อมูล โดยแทนที่จะล้วงลึกไปถึงข้อมูลที่เป้าหมายเก็บซ่อนไว้ กลับกลายเป็นการนำเอาข้อมูลที่ต้องการลงไปเก็บไว้ในที่ซ่อนของเป้าหมายแทน เริ่มแรกคอบบ์ปฏิเสธเนื่องจากเป็นกระบวนการที่ยากมาก แต่ไซโตะก็ข้อตอบแทนเป็นการล้มล้างความผิดที่คอบบ์เคยฆาตกรรมภรรยาตนเองในอดีต และจะได้สิทธิ์กลับเข้าสู่สหรัฐอเมริกา คอบบ์จึงตกลงและเริ่มต้นวางแผนการทำงานทันที																			', 'https://www.youtube.com/embed/YoHD9XEInc0', 148, 8.1, 2010, 5, 'uploads/KhLCMpnueg202006281425.jpg'),
(32, 'Pearl Harbor', '																					เพิร์ล ฮาร์เบอร์ ภาพยนตร์เอพิค ฮิตถล่มทลาย ที่มาพร้อมเทคนิคภาพ อันยิ่งใหญ่ และตื่นตาเรื่องนี้ คืออีกหนึ่งผลงาน ที่จะตรึงหัวใจคุณจาก ฝีมือของ ผู้อำนวยการสร้าง เจอร์รี่ บรั๊คไฮเมอร์ และผู้กำกับ ไมเคิล เบย์ ทีมมือทอง ผู้เคยพา คุณสัมผัส ความมันส์จาก Armageddon มาแล้ว พบ เบ็น อัฟเฟล็ค จอช ฮาร์ทเน็ทท์ และ เคท เบ็คคินเซล ในภาพยนตร์ ที่รวมดาราชั้นนำ ไว้อย่างคับคั่ง เมื่อผู้บริสุทธิ์มากมาย และ ความสงบสุข ของประเทศ ถูกทำลายอย่าง ไม่ทันตั้งตัว ด้วยพลังร้าย แห่งสงคราม หลากหลายชีวิต ของคนรุ่นหนึ่ง กำลังเผชิญกับ ความขัดแย้ง ครั้งยิ่งใหญ่ ของมวลมนุษยชาติ หรือที่รู้จักกัน ในนาม “สงครามโลกครั้งที่ 2″ เหตุการณ์ บุกโจมตี เพิร์ล ฮาร์เบอร์ ได้กลายเป็น บททดสอบ ความแข็งแกร่ง ครั้งสำคัญ ที่สุดในจิตใจ ของผู้ร่วม เหตุการณ์ และผู้คนทั่วโลก สมทบด้วย คิวบา กู๊ดดิ้ง จูเนียร์ ,อเล็ค บอลด์วิน , จอน วอยท์ และทอม ไซส์มอร์ นี่คือเรื่องราว อันยิ่งใหญ่ ของความรัก ความสูญเสีย และวีรกรรมกล้า ในเหตุการณ์ แห่งความทรงจำ ที่คุณต้อง ระลึกถึง Pearl Harbor', 'https://www.youtube.com/embed/oGYcxjywx0o', 183, 6.6, 2001, 3, 'uploads/p27437_p_v10_af.jpg'),
(33, 'Cinderella', '																					รื่องราวของ เอลล่า (ลิลี เจมส์) ลูกสาวพ่อค้าเศรษฐีผู้มั่งคั่ง ซึ่งหลังจากการตายของแม่เธอ พ่อของเธอก็ได้แต่งงานใหม่กับหญิงม่ายลูกติดนามว่า เลดี้ ทรีเมน (เคต แบลนเชตต์) สตรีหม้าย ภรรยาของเซอร์ฟรานซิส ทรีเมน อดีตหัวหน้าสมาคมการค้าที่เสียชีวิต ด้วยหวังว่าจะมาเป็นแม่ใหม่ เพื่อดูแลลูกสาวคนเดียวของตน แต่หลังจากการตายจากไปของพ่อเอลล่าอีกคน ทำให้ธาตุแท้ของแม่เลี้ยงปรากฏออกมา…', 'https://www.youtube.com/embed/20DF6U1HcGQ', 105, 6.7, 2015, 11, 'uploads/1426341746-cinderella-o.jpg'),
(34, 'Frozen', '																					ในอาณาจักรแห่งเอเรนเดลล์ พระราชาและพระราชินีมีพระธิดาสองคน เจ้าหญิงเอลซ่า พระธิดาองค์โต และเจ้าหญิงอันนา พระธิดาองค์เล็ก จากเจ้าหญิงทั้งสองคน เอลซ่าเกิดมาพร้อมความวิเศษในการเสกน้ำแข็งออกมาได้ดังใจสั่ง คืนหนึ่ง อันนาปลุกเอลซ่าให้มาเล่นด้วยกัน ขณะที่เอลซ่าและอันนากำลังเล่นกำลังเล่นสนุกสนานกับพลังวิเศษนี้ พลังหิมะของเอลซ่าถูกเสกเข้าที่หน้าของอันนาด้วยความไม่ตั้งใจ อันนาหมดสติ และเส้นผมส่วนหนึ่งของเธอเปลี่ยนเป็นสีขาว พระราชาและพระราชินีรีบพาเจ้าหญิงทั้งสองไปยังหุบเขาอันเป็นที่อยู่ของเผ่าโทรลล์ผู้วิเศษเพื่อขอความช่วยเหลือ ในขณะที่อันนายังหมดสติอยู่นั้น ปู่แพ็บบี้ โทรลล์เฒ่าผู้นำเผ่า กล่าวว่าโชคดีที่เธอถูกพลังแค่ที่หน้า แต่หากเป็นหัวใจแล้วจะต้องแย่แน่ๆ แพบบี้ได้ลบความทรงจำของอันนาเกี่ยวกับพลังของเอลซ่าออก เหลือทิ้งไว้แต่ความสนุกสนานของทั้งสองพี่น้อง และเตือนเอลซ่าว่าพลังของเธอจะเพิ่มพูนขึ้นเรื่อยๆ เธอต้องหัดที่จะควบคุมพลังนี้ให้ได้', 'https://www.youtube.com/embed/FLzfXQSPBOg', 102, 7.3, 2013, 9, 'uploads/9781608877492_-_Frozen_Poster_Collection_A_1400x.jpg'),
(35, 'White House Down', '																					เจ้าหน้าที่ตำรวจส่วนกลาง จอห์น เคล เพิ่งถูกตอบปฏิเสธจากงานในฝันกับหน่วยสืบราชการลับ ที่จะได้คุ้มครองประธานาธิบดี เจมส์ ซอว์เยอร์ ด้วยความที่ไม่อยากจะทำให้ลูกสาวตัวน้อยของเขาผิดหวังกับข่าวนี้ เขาก็เลยพาเธอทัวร์ทำเนียบขาว แต่ตอนนั้นเองที่ทำเนียบขาวโดนยึดโดยกองกำลังกึ่งทหารติดอาวุธ บัดนี้ เมื่อรัฐบาลกำลังพบกับความโกลาหลและเวลาที่เหลือน้อยเต็มทน เป็นหน้าที่ของโคลที่จะต้องช่วยลูกสาวตัวเอง ท่านประธานาธิบดีและประเทศของเขาให้ได้', 'https://www.youtube.com/embed/WfaTlmYvTA8', 131, 6.4, 2013, 1, 'uploads/White_House_Down_poster_with_billing_block.jpg'),
(36, 'The Day After Tomorrow', '																																										ระหว่างการสำรวจในแอนตาร์กติกา นักภูมิอากาศบรรพกาลวิทยา แจ็ก ฮอลล์และทีมงานพบว่าชั้นน้ำแข็งกำลังแยกตัว แจ็กจึงนำเสนอเรื่องนี้ในที่ประชุมสหประชาชาติที่กรุงนิวเดลี แต่ไม่สามารถทำให้รองประธานาธิบดีเบคเกอร์แห่งสหรัฐเชื่อได้ อย่างไรก็ตาม ศจ. เทอร์รี แร็ปสัน หัวหน้าศูนย์วิจัยภูมิอากาศในสกอตแลนด์เชื่อในทฤษฎีของแจ็ก เมื่อทุ่นหลายทุ่นในมหาสมุทรแอตแลนติกวัดค่าอุณหภูมิน้ำได้ต่ำมาก แร็ปสันจึงสรุปว่าน้ำแข็งขั้วโลกที่ละลายกำลังรบกวนกระแสน้ำแอตแลนติกเหนือ เขาติดต่อแจ็กเพื่อหารือเรื่องแบบจำลองที่แจ็กสร้างขึ้น ซึ่งอธิบายสภาพอากาศที่นำไปสู่ยุคน้ำแข็ง', 'https://www.youtube.com/embed/Ku_IseK3xTc', 124, 6.2, 2004, 8, 'uploads/51wlwsoZrpLAC.jpg'),
(37, 'Gone Girl', '																																										ในวันครบรอบแต่งงานปีที่ 5 นิค ดันปะกาศว่า เอมี่ ภรรยาของเขาได้หายตัวไป มีการระดมกำลังของตำรวจและมีภาพของนิคที่ม­ีความสุขกับชีวิตที่พังทลายแพร่สะพัดตามสื­่อ หลังจากที่เขาได้โกหก หลอกลวง และสร้างภาพได้ไม่นาน ทุกคนต่างตั้งคำถามชวนหดหู่แบบเดียวกันว่า­ \"นิค ดันฆ่าภรรยาตัวเองหรือเปล่า?\"', 'https://www.youtube.com/embed/2-_-1nJf8Vg', 145, 7.9, 2014, 4, 'uploads/41eMo7n3oLAC.jpg'),
(38, 'Dead Man Down', '																					เป็นเรื่องราวเกี่ยวกับ วิคเตอร์ มือขวาของเจ้าพ่อวงการลับ ที่แอบเก็บความแค้นของตัวเองไว้ในใจจากการที่เจ้านายของเขาสังหารภรรยาและลูกของเขาเอง จนกระทั่งได้พบกับ บีทริซหญิงสาวซึ่งเป็นหนึ่งในคนที่มีความแค้นกับเจ้านายของเขาเช่นกัน เขาและเธอจึงต้องร่วมมือกัน เพื่อที่จะชำระแค้น', 'https://www.youtube.com/embed/6WKmnAcMTKM', 118, 5.9, 2013, 1, 'uploads/DHS-_Dead_Man_Down_(2013)_movie_poster.jpg'),
(39, 'Alice in Wonderland', '																					เมื่อทิม เบอร์ตัน เจ้าพ่อหนังดาร์คแฟนตาซีหยิบเอานิยายสุดคลาสสิคอย่าง อลิซในดินแดนมหัศจรรย์ ทำเป็นภาพยนตร์แฟนตาซีสีสันสดใสและจุดหักมุมที่จะทำให้คุณประหลาดใจได้ทุกนาที ซึ่ง จอนนี่ เด็พพ์ รับบทเป็น แม้ด แฮทเทอร์ และได้ มีอา วาสิคอว์สก้า เป็นอลิซ สาวสวยวัย 19 ที่ต้องกลับไปในโลกพิศวงอีกครั้งหลังจากที่เธอตัดสินใจวิ่งตามกระต่ายขาวเพื่อหนีพิธีแต่งงาน และการกลับมาในครั้งนี้ อลิซ ไม่ได้เป็นเพียงหนูน้อยผู้ไร้เดียงสาอีกต่อไปเพราะเธอกลายเป็นผู้นำในการโค่นล้มอำนาจราชินีแดงที่แย่งบัลลังก์ของราชินีขาวไป', 'https://www.youtube.com/embed/9POCgSRVvf0', 108, 6.4, 2010, 12, 'uploads/Alice_in_Wonderland_(2010_film).png'),
(40, 'World War Z', '																					ทั้งเมืองต้องเผชิญกับเหตุโกลาหล เมื่อมีอย่างเป็นเหตุให้ผู้คนทำร้ายกันเอง มันคือเชื้อไวรัสที่แพร่กระจายได้ผ่านการโดนกัดเพียงครั้งเดียว เมื่อผู้ติดเชื้อมีชัยเหนือกองทัพของโลก ทำให้หลายรัฐบาลต้องล่มสลาย เจอร์รี่ เลน (แบรด พิตต์) ถูกสถานการณ์บีบให้ต้องหวนกลับไปใช้ชีวิตแบบเก่าที่เต็มไปด้วยอันตราย เพื่อรับประกันความปลอดภัยของครอบครัวของเขา และเป็นผู้นำการค้นหาที่มาของโรคระบาดทั่วโลก', 'https://www.youtube.com/embed/Md6Dvxdr0AQ', 116, 6.7, 2013, 7, 'uploads/world_war_z_xlg-528x787.jpg'),
(41, 'Spectre', '																					หลังจากที่ James Bond ได้รับข้อความปริศนาจากอดี­ต เขาจึงจำเป็นที่จะต้องตามล่าหาความจริง จนได้ค้นพบกับองค์กรลับสุดร้าย บอนด์จึงต้องเข้าไปค้นหาความจริง และทำให้เขาได้­พบกับเบาะแสของความชั่วร้ายภายใต้องค์กรที่กลับมาผงาดจากอดีต นามว่า SPECTRE', 'https://www.youtube.com/embed/ujmoYyEyDP8', 148, 6.3, 2015, 1, 'uploads/MV5BOWQ1MDE1NzgtNTQ4OC00ZjliLTllZDAtN2IyOTVmMTc5YjUxXkEyXkFqcGdeQXVyNzkwMjQ5NzM.jpg');

-- --------------------------------------------------------

--
-- โครงสร้างตาราง `theater`
--

CREATE TABLE `theater` (
  `theater_id` int NOT NULL,
  `theater_number` int DEFAULT NULL,
  `movie_id` int NOT NULL,
  `theater_time1` varchar(10) DEFAULT NULL,
  `theater_time2` varchar(10) NOT NULL,
  `theater_time3` varchar(10) NOT NULL
) ENGINE=InnoDB DEFAULT CHARSET=utf8;

--
-- dump ตาราง `theater`
--

INSERT INTO `theater` (`theater_id`, `theater_number`, `movie_id`, `theater_time1`, `theater_time2`, `theater_time3`) VALUES
(1, 1, 3, '14:30', '17:30', '20:30'),
(2, NULL, 1, '10:30', '14:30', '16:30'),
(3, NULL, 2, '11:30', '15:30', '17:30'),
(4, NULL, 4, '09:30', '13:30', '15:30'),
(5, NULL, 5, '10:30', '14:30', '16:30'),
(6, NULL, 6, '11:30', '15:30', '17:30'),
(7, NULL, 7, '09:30', '13:30', '15:30'),
(8, NULL, 8, '11:30', '15:30', '17:30'),
(9, NULL, 9, '09:30', '13:30', '15:30'),
(10, NULL, 10, '09:30', '13:30', '15:30'),
(11, NULL, 11, '11:30', '15:30', '17:30'),
(12, NULL, 12, '09:30', '13:30', '15:30'),
(13, NULL, 13, '09:30', '13:30', '15:30'),
(14, NULL, 14, '11:30', '15:30', '17:30'),
(15, NULL, 15, '09:30', '13:30', '15:30'),
(16, NULL, 16, '09:30', '13:30', '15:30'),
(17, NULL, 17, '11:30', '15:30', '17:30'),
(18, NULL, 18, '09:30', '13:30', '15:30'),
(19, NULL, 19, '09:30', '13:30', '15:30'),
(20, NULL, 20, '11:30', '15:30', '17:30'),
(21, NULL, 21, '09:30', '13:30', '15:30'),
(22, NULL, 22, '09:30', '13:30', '15:30'),
(23, NULL, 23, '11:30', '15:30', '17:30'),
(24, NULL, 24, '09:30', '13:30', '15:30'),
(25, NULL, 25, '09:30', '13:30', '15:30'),
(26, NULL, 26, '11:30', '15:30', '17:30'),
(27, NULL, 27, '09:30', '13:30', '15:30'),
(28, NULL, 28, '09:30', '13:30', '15:30'),
(29, NULL, 29, '11:30', '15:30', '17:30'),
(30, NULL, 30, '09:30', '13:30', '15:30'),
(31, NULL, 31, '09:30', '13:30', '15:30'),
(32, NULL, 32, '11:30', '15:30', '17:30'),
(33, NULL, 33, '09:30', '13:30', '15:30'),
(34, NULL, 34, '09:30', '13:30', '15:30'),
(35, NULL, 35, '11:30', '15:30', '17:30'),
(36, NULL, 36, '09:30', '13:30', '15:30'),
(37, NULL, 37, '09:30', '13:30', '15:30'),
(38, NULL, 38, '11:30', '15:30', '17:30'),
(39, NULL, 39, '09:30', '13:30', '15:30'),
(40, NULL, 40, '09:30', '13:30', '15:30'),
(41, NULL, 41, '11:30', '15:30', '17:30');

-- --------------------------------------------------------

--
-- โครงสร้างตาราง `ticket`
--

CREATE TABLE `ticket` (
  `ticket_id` int NOT NULL,
  `user_id` int NOT NULL,
  `product_id` int NOT NULL,
  `timestamp` datetime NOT NULL,
  `theater_time` varchar(10) NOT NULL,
  `total_ticket` int NOT NULL,
  `total_price` int NOT NULL
) ENGINE=InnoDB DEFAULT CHARSET=utf8;

--
-- dump ตาราง `ticket`
--

INSERT INTO `ticket` (`ticket_id`, `user_id`, `product_id`, `timestamp`, `theater_time`, `total_ticket`, `total_price`) VALUES
(14, 1, 3, '2021-03-05 06:03:33', '14:30', 3, 0),
(15, 1, 3, '2021-03-05 06:31:26', '14:30', 1, 250),
(16, 1, 3, '2021-03-05 06:32:19', '14:30', 2, 500),
(17, 1, 3, '2021-03-05 07:34:21', '14:30', 0, 0),
(18, 1, 3, '2021-03-05 07:34:48', '14:30', 0, 0),
(19, 1, 3, '2021-03-05 07:38:25', '14:30', 1, 250),
(20, 1, 3, '2021-03-05 07:39:44', '14:30', 1, 250),
(21, 1, 3, '2021-03-05 07:42:37', '14:30', 3, 750),
(22, 1, 3, '2021-03-05 07:48:10', '20:30', 0, 0),
(23, 1, 3, '2021-03-05 07:49:15', '20:30', 0, 0),
(24, 1, 3, '2021-03-05 07:50:45', '17:30', 0, 0),
(25, 1, 3, '2021-03-05 07:51:46', '14:30', 2, 500),
(26, 1, 3, '2021-03-05 08:00:30', '20:30', 1, 250),
(27, 1, 3, '2021-03-06 02:30:54', '14:30', 0, 0),
(28, 1, 3, '2021-03-06 02:32:00', '14:30', 0, 0),
(29, 1, 3, '2021-03-06 02:32:07', '14:30', 1, 250),
(30, 1, 12, '2021-03-06 02:48:07', '09:30', 0, 0),
(31, 1, 12, '2021-03-06 02:48:19', '09:30', 0, 0),
(32, 1, 12, '2021-03-06 02:48:35', '09:30', 0, 0),
(33, 1, 2, '2021-03-06 02:48:57', '11:30', 0, 0),
(34, 1, 2, '2021-03-06 02:49:30', '11:30', 0, 0),
(35, 1, 2, '2021-03-06 02:50:07', '11:30', 0, 0),
(36, 1, 2, '2021-03-06 02:50:17', '11:30', 0, 0),
(37, 1, 2, '2021-03-06 02:50:45', '11:30', 0, 0),
(38, 1, 2, '2021-03-06 02:51:07', '11:30', 0, 0),
(39, 2, 9, '2021-03-06 02:58:31', '15:30', 0, 0),
(40, 2, 3, '2021-03-06 02:58:46', '20:30', 0, 0),
(41, 2, 6, '2021-03-06 02:58:53', '17:30', 0, 0),
(42, 2, 3, '2021-03-06 03:04:08', '17:30', 0, 0),
(43, 2, 3, '2021-03-06 03:04:39', '17:30', 0, 0),
(44, 2, 5, '2021-03-06 03:05:52', '14:30', 0, 0),
(45, 2, 4, '2021-03-06 03:22:56', '15:30', 0, 0),
(46, 2, 3, '2021-03-06 03:23:58', '20:30', 1, 250),
(47, 2, 3, '2021-03-06 03:26:27', '17:30', 0, 0),
(48, 2, 14, '2021-03-06 03:33:45', '15:30', 0, 0),
(49, 2, 3, '2021-03-06 03:34:03', '20:30', 3, 750),
(50, 2, 2, '2021-03-06 03:36:44', '17:30', 2, 500),
(51, 2, 1, '2021-03-06 03:37:10', '16:30', 0, 0),
(52, 2, 6, '2021-03-06 03:38:29', '15:30', 2, 500),
(53, 2, 8, '2021-03-06 03:38:39', '15:30', 1, 250),
(54, 2, 8, '2021-03-06 03:39:34', '17:30', 3, 750),
(55, 2, 6, '2021-03-06 03:47:20', '17:30', 3, 750),
(56, 2, 6, '2021-03-06 03:51:32', '15:30', 4, 1000),
(57, 2, 4, '2021-03-06 03:55:09', '15:30', 4, 1000),
(58, 2, 3, '2021-03-06 03:57:10', '17:30', 3, 750),
(59, 2, 4, '2021-03-06 03:58:00', '13:30', 2, 500),
(60, 2, 15, '2021-03-06 03:59:51', '13:30', 3, 750),
(61, 2, 9, '2021-03-06 04:00:58', '15:30', 1, 250),
(62, 2, 6, '2021-03-06 04:03:14', '15:30', 1, 250),
(63, 2, 3, '2021-03-06 04:09:43', '20:30', 2, 500),
(64, 2, 6, '2021-03-06 04:12:59', '15:30', 3, 750),
(65, 2, 4, '2021-03-06 04:35:42', '09:30', 0, 0),
(66, 1, 7, '2021-03-06 05:06:46', '09:30', 0, 0),
(67, 1, 7, '2021-03-06 05:06:55', '09:30', 0, 0),
(68, 2, 1, '2021-03-06 08:22:01', '10:30', 1, 250),
(69, 2, 2, '2021-03-06 08:22:17', '11:30', 2, 500),
(70, 2, 9, '2021-03-06 08:24:15', '13:30', 0, 0),
(71, 2, 9, '2021-03-06 08:24:23', '13:30', 2, 500),
(72, 2, 3, '2021-03-06 09:47:11', '14:30', 0, 0),
(73, 1, 4, '2021-03-07 10:05:20', '13:30', 3, 750),
(74, 1, 2, '2021-03-07 12:38:26', '11:30', 0, 0);

-- --------------------------------------------------------

--
-- โครงสร้างตาราง `user`
--

CREATE TABLE `user` (
  `user_id` int NOT NULL,
  `email` varchar(255) NOT NULL,
  `name` varchar(255) NOT NULL,
  `phone` varchar(255) NOT NULL,
  `password` varchar(255) NOT NULL
) ENGINE=InnoDB DEFAULT CHARSET=utf8;

--
-- dump ตาราง `user`
--

INSERT INTO `user` (`user_id`, `email`, `name`, `phone`, `password`) VALUES
(1, 'a@gmail.com', 'mix', '08000000', '827ccb0eea8a706c4c34a16891f84e7b'),
(2, 'b@gmail.com', 'b', '0123456788', '827ccb0eea8a706c4c34a16891f84e7b'),
(3, 'c@gmail.com', 'c', '0123456787', '827ccb0eea8a706c4c34a16891f84e7b'),
(4, 'd@gmail.com', 'd', '0123456786', '827ccb0eea8a706c4c34a16891f84e7b');

--
-- Indexes for dumped tables
--

--
-- Indexes for table `admin`
--
ALTER TABLE `admin`
  ADD PRIMARY KEY (`admin_id`);

--
-- Indexes for table `category`
--
ALTER TABLE `category`
  ADD PRIMARY KEY (`category_id`) USING BTREE;

--
-- Indexes for table `history`
--
ALTER TABLE `history`
  ADD PRIMARY KEY (`history_id`);

--
-- Indexes for table `movie`
--
ALTER TABLE `movie`
  ADD PRIMARY KEY (`movie_id`) USING BTREE;

--
-- Indexes for table `theater`
--
ALTER TABLE `theater`
  ADD PRIMARY KEY (`theater_id`);

--
-- Indexes for table `ticket`
--
ALTER TABLE `ticket`
  ADD PRIMARY KEY (`ticket_id`);

--
-- Indexes for table `user`
--
ALTER TABLE `user`
  ADD PRIMARY KEY (`user_id`);

--
-- AUTO_INCREMENT for dumped tables
--

--
-- AUTO_INCREMENT for table `admin`
--
ALTER TABLE `admin`
  MODIFY `admin_id` int NOT NULL AUTO_INCREMENT, AUTO_INCREMENT=2;

--
-- AUTO_INCREMENT for table `category`
--
ALTER TABLE `category`
  MODIFY `category_id` int NOT NULL AUTO_INCREMENT, AUTO_INCREMENT=15;

--
-- AUTO_INCREMENT for table `history`
--
ALTER TABLE `history`
  MODIFY `history_id` int NOT NULL AUTO_INCREMENT, AUTO_INCREMENT=3;

--
-- AUTO_INCREMENT for table `movie`
--
ALTER TABLE `movie`
  MODIFY `movie_id` int NOT NULL AUTO_INCREMENT, AUTO_INCREMENT=44;

--
-- AUTO_INCREMENT for table `theater`
--
ALTER TABLE `theater`
  MODIFY `theater_id` int NOT NULL AUTO_INCREMENT, AUTO_INCREMENT=42;

--
-- AUTO_INCREMENT for table `ticket`
--
ALTER TABLE `ticket`
  MODIFY `ticket_id` int NOT NULL AUTO_INCREMENT, AUTO_INCREMENT=75;

--
-- AUTO_INCREMENT for table `user`
--
ALTER TABLE `user`
  MODIFY `user_id` int NOT NULL AUTO_INCREMENT, AUTO_INCREMENT=5;
COMMIT;

/*!40101 SET CHARACTER_SET_CLIENT=@OLD_CHARACTER_SET_CLIENT */;
/*!40101 SET CHARACTER_SET_RESULTS=@OLD_CHARACTER_SET_RESULTS */;
/*!40101 SET COLLATION_CONNECTION=@OLD_COLLATION_CONNECTION */;
